version	pro_main	pro_occ	use	interested	total
3.2.*	30.76923076923077	14.529914529914532	34.472934472934476	8.262108262108262	88.03418803418803
3.1.*	5.698005698005698	3.418803418803419	6.837606837606838	0.8547008547008548	16.80911680911681
3.0.*	1.4245014245014245	0.8547008547008548	1.4245014245014245	0.2849002849002849	3.9886039886039883
2.*	1.4245014245014245	0.2849002849002849	0.0	0.0	1.7094017094017095
Git development build	5.128205128205128	2.849002849002849	4.273504273504273	0.5698005698005698	12.82051282051282
I'm not sure.	0.0	0.5698005698005698	0.5698005698005698	2.564102564102564	3.7037037037037033
